Id,FullName,EmailAddress,ContactNumber,ExternalId,ResumeFileName,Json,JDId,Skills,score,resumefile,url,DOB,PlaceOfBirth,Nationality,Education,JobTitle
129,Muhammad Imran Shakeel Khan,imranshakeel_khan@yahoo.com,923224263947,117,"1️⃣ **Initial Problem Analysis:** The job description is for a Senior Business Developer role focused on client acquisition, strategic growth, and market expansion within the software industry. Core ranking criteria include relevant business development experience, especially in international markets, leadership capabilities, certification in client hunting, and completion of an international-level course in business development.

2️⃣ **Understanding the Ranking Factors:** The experience score evaluates the candidate's past roles about the job function. The company relevance score assesses alignment with DESCON's standards and industry. Job tenure measures career stability, while the reference score considers endorsements and credibility.

3️⃣ **Candidate vs. JD Comparison:** The candidate has significant technical and leadership experience in software development, a strong asset for understanding client needs and solutions. However, their experience is more technically focused than business development-oriented, with responsibilities mainly around software architecture and project management rather than direct client acquisition and market expansion. There is no clear evidence of international business development experience or relevant certifications in client acquisition.

4️⃣ **Identifying Mismatches:** The candidate lacks explicit business development experience, particularly in international markets, a critical requirement for the role. They appear to have no certification in client hunting or completion of a relevant international business development course. These gaps suggest a potential mismatch for a role that demands strategic business development.

5️⃣ **Final Decision & Justification:** The candidate's rank score of 70 suggests partial suitability for the Senior Business Developer role based on technical leadership and client management experience. However, the lack of direct business development expertise, relevant certifications, and industry-focused courses prevent a higher ranking. While they may contribute to technical strategy, key business expansion competencies are insufficiently demonstrated.",resume in json,117,"['Software Architecture & Design', 'Technical Leadership', 'Client Relationship Management', 'Project Management', 'Technology Stack Selection (Python, React Native, MongoDB, .Net Core)', 'AI & Data Management', 'Cloud Architecture (AKS, Docker, Azure, Cosmos DB)', 'Compliance Solutions Development', 'Technical Training & Development', 'Python', 'Python Flask', 'React Native', 'React.js', 'Angular', 'Node.js', '.Net Core', '.Net Framework', 'TypedScript', 'JavaScript', 'Socket.io', 'SignalR', 'MVC', 'C#', 'Entity Framework', 'WebForms', 'WinForms', 'Java', 'Kotlin', 'Microservices', 'Web APIs', 'WCF', 'Oracle', 'MongoDB', 'Postgres', 'Greenplum', 'MySQL', 'SQL Server', 'Keycloak', 'Microsoft Identity Server', 'Docker', 'Kubernetes', 'Minikube', 'Azure DevOps', 'Jenkins', 'AKS (Azure Kubernetes Service)', 'SSRS (SQL Server Reporting Services)', 'Crystal Reports', 'Jira', 'LINQ to SQL', 'Web Services', 'Telerix Tools']",70,,https://talentconversationss3.s3.eu-north-1.amazonaws.com/resume_imranshakeel_khan%40yahoo.com20250129163949,,,,,Senior Business Developer - Software Development
